-- Person Insertions

-- Managers
INSERT INTO Person VALUES ('MGR001', 'Pep', 'Guardiola', 'Spain'); -- Team 1 (Man City)
INSERT INTO Person VALUES ('MGR002', 'Mikel', 'Arteta', 'Spain'); -- Team 2 (Arsenal)
INSERT INTO Person VALUES ('MGR003', 'Jürgen', 'Klopp', 'Germany'); -- Team 3 (Liverpool)
INSERT INTO Person VALUES ('MGR004', 'Unai', 'Emery', 'Spain'); -- Team 4 (Aston Villa)
INSERT INTO Person VALUES ('MGR005', 'Ange', 'Postecoglou', 'Australia'); -- Team 5 (Tottenham)
INSERT INTO Person VALUES ('MGR006', 'Graham', 'Potter', 'England'); -- Team 6 (Chelsea)
INSERT INTO Person VALUES ('MGR007', 'Eddie', 'Howe', 'England'); -- Team 7 (Newcastle)
INSERT INTO Person VALUES ('MGR008', 'Erik', 'ten Hag', 'Netherlands'); -- Team 8 (Man United)
INSERT INTO Person VALUES ('MGR009', 'David', 'Moyes', 'Scotland'); -- Team 9 (West Ham)
INSERT INTO Person VALUES ('MGR010', 'Roy', 'Hodgson', 'England'); -- Team 10 (Crystal Palace)
INSERT INTO Person VALUES ('MGR011', 'Roberto', 'De Zerbi', 'Italy'); -- Team 11 (Brighton)
INSERT INTO Person VALUES ('MGR012', 'Gary', 'O''Neil', 'England'); -- Team 12 (Wolves)
INSERT INTO Person VALUES ('MGR013', 'Marco', 'Silva', 'Portugal'); -- Team 13 (Fulham)
INSERT INTO Person VALUES ('MGR014', 'Julen', 'Lopetegui', 'Spain'); -- Team 14 (Wolves*)
INSERT INTO Person VALUES ('MGR015', 'Sean', 'Dyche', 'England'); -- Team 15 (Everton)
INSERT INTO Person VALUES ('MGR016', 'Thomas', 'Frank', 'Denmark'); -- Team 16 (Brentford)
INSERT INTO Person VALUES ('MGR017', 'Steve', 'Cooper', 'Wales'); -- Team 17 (Nottingham Forest)
INSERT INTO Person VALUES ('MGR018', 'Rob', 'Edwards', 'England'); -- Team 18 (Luton Town)
INSERT INTO Person VALUES ('MGR019', 'Vincent', 'Kompany', 'Belgium'); -- Team 19 (Burnley)
INSERT INTO Person VALUES ('MGR020', 'Paul', 'Heckingbottom', 'England'); -- Team 20 (Sheffield Utd)


-- Players

-- Team 1: Manchester City
INSERT INTO Person VALUES ('PLR001', 'Ederson', 'Moraes', 'Brazil');
INSERT INTO Person VALUES ('PLR002', 'Kyle', 'Walker', 'England');
INSERT INTO Person VALUES ('PLR003', 'Rúben', 'Dias', 'Portugal');
INSERT INTO Person VALUES ('PLR004', 'Nathan', 'Aké', 'Netherlands');
INSERT INTO Person VALUES ('PLR005', 'Joško', 'Gvardiol', 'Croatia');
INSERT INTO Person VALUES ('PLR006', 'Rodri', 'Hernández', 'Spain');
INSERT INTO Person VALUES ('PLR007', 'Kevin', 'De Bruyne', 'Belgium');
INSERT INTO Person VALUES ('PLR008', 'Phil', 'Foden', 'England');
INSERT INTO Person VALUES ('PLR009', 'Erling', 'Haaland', 'Norway');
INSERT INTO Person VALUES ('PLR010', 'Jack', 'Grealish', 'England');
INSERT INTO Person VALUES ('PLR011', 'Jérémy', 'Doku', 'Belgium');

-- Team 2: Arsenal
INSERT INTO Person VALUES ('PLR012', 'David', 'Raya', 'Spain');
INSERT INTO Person VALUES ('PLR013', 'Ben', 'White', 'England');
INSERT INTO Person VALUES ('PLR014', 'William', 'Saliba', 'France');
INSERT INTO Person VALUES ('PLR015', 'Oleksandr', 'Zinchenko', 'Ukraine');
INSERT INTO Person VALUES ('PLR016', 'Gabriel', 'Magalhães', 'Brazil');
INSERT INTO Person VALUES ('PLR017', 'Martin', 'Ødegaard', 'Norway');
INSERT INTO Person VALUES ('PLR018', 'Thomas', 'Partey', 'Ghana');
INSERT INTO Person VALUES ('PLR019', 'Bukayo', 'Saka', 'England');
INSERT INTO Person VALUES ('PLR020', 'Gabriel', 'Jesus', 'Brazil');
INSERT INTO Person VALUES ('PLR021', 'Gabriel', 'Martinelli', 'Brazil');
INSERT INTO Person VALUES ('PLR022', 'Leandro', 'Trossard', 'Belgium');

-- Team 3: Liverpool
INSERT INTO Person VALUES ('PLR023', 'Alisson', 'Becker', 'Brazil');
INSERT INTO Person VALUES ('PLR024', 'Andrew', 'Robertson', 'Scotland');
INSERT INTO Person VALUES ('PLR025', 'Virgil', 'van Dijk', 'Netherlands');
INSERT INTO Person VALUES ('PLR026', 'Ibrahima', 'Konaté', 'France');
INSERT INTO Person VALUES ('PLR027', 'Kostas', 'Tsimikas', 'Greece');
INSERT INTO Person VALUES ('PLR028', 'Jordan', 'Henderson', 'England');
INSERT INTO Person VALUES ('PLR029', 'Fabinho', 'Tavares', 'Brazil');
INSERT INTO Person VALUES ('PLR030', 'Naby', 'Keïta', 'Guinea');
INSERT INTO Person VALUES ('PLR031', 'Mohamed', 'Salah', 'Egypt');
INSERT INTO Person VALUES ('PLR032', 'Diogo', 'Jota', 'Portugal');
INSERT INTO Person VALUES ('PLR033', 'Darwin', 'Núñez', 'Uruguay');

-- Team 4: Aston Villa
INSERT INTO Person VALUES ('PLR034', 'Emiliano', 'Martínez', 'Argentina');
INSERT INTO Person VALUES ('PLR035', 'Matty', 'Cash', 'England');
INSERT INTO Person VALUES ('PLR036', 'Tyrone', 'Mings', 'England');
INSERT INTO Person VALUES ('PLR037', 'Diego', 'Carlos', 'Brazil');
INSERT INTO Person VALUES ('PLR038', 'Cameron', 'Archer', 'England');
INSERT INTO Person VALUES ('PLR039', 'Douglas', 'Luiz', 'Brazil');
INSERT INTO Person VALUES ('PLR040', 'Philippe', 'Coutinho', 'Brazil');
INSERT INTO Person VALUES ('PLR041', 'Leon', 'Bailey', 'Jamaica');
INSERT INTO Person VALUES ('PLR042', 'Ollie', 'Watkins', 'England');
INSERT INTO Person VALUES ('PLR043', 'Danny', 'Ings', 'England');
INSERT INTO Person VALUES ('PLR044', 'Jacob', 'Ramsey', 'England');

-- Team 5: Tottenham Hotspur
INSERT INTO Person VALUES ('PLR045', 'Hugo', 'Lloris', 'France');
INSERT INTO Person VALUES ('PLR046', 'Emerson', 'Royal', 'Spain');
INSERT INTO Person VALUES ('PLR047', 'Cristian', 'Romero', 'Argentina');
INSERT INTO Person VALUES ('PLR048', 'Eric', 'Dier', 'England');
INSERT INTO Person VALUES ('PLR049', 'Ben', 'Davies', 'Wales');
INSERT INTO Person VALUES ('PLR050', 'Rodrigo', 'Bentancur', 'Uruguay');
INSERT INTO Person VALUES ('PLR051', 'Pierre-Emile', 'Højbjerg', 'Denmark');
INSERT INTO Person VALUES ('PLR052', 'Dejan', 'Kulusevski', 'Sweden');
INSERT INTO Person VALUES ('PLR053', 'Harry', 'Kane', 'England');
INSERT INTO Person VALUES ('PLR054', 'Son', 'Heung-min', 'South Korea');
INSERT INTO Person VALUES ('PLR055', 'Richarlison', 'de Andrade', 'Brazil');

-- Team 6: Chelsea
INSERT INTO Person VALUES ('PLR056', 'Kepa', 'Arrizabalaga', 'Spain');
INSERT INTO Person VALUES ('PLR057', 'Reece', 'James', 'England');
INSERT INTO Person VALUES ('PLR058', 'Thiago', 'Silva', 'Brazil');
INSERT INTO Person VALUES ('PLR059', 'Wesley', 'Fofana', 'France');
INSERT INTO Person VALUES ('PLR060', 'César', 'Azpilicueta', 'Spain');
INSERT INTO Person VALUES ('PLR061', 'Enzo', 'Fernández', 'Argentina');
INSERT INTO Person VALUES ('PLR062', 'Mateo', 'Kovačić', 'Croatia');
INSERT INTO Person VALUES ('PLR063', 'Mason', 'Mount', 'England');
INSERT INTO Person VALUES ('PLR064', 'Raheem', 'Sterling', 'England');
INSERT INTO Person VALUES ('PLR065', 'Mykhailo', 'Mudryk', 'Ukraine');
INSERT INTO Person VALUES ('PLR066', 'Kai', 'Havertz', 'Germany');

-- Team 7: Newcastle United
INSERT INTO Person VALUES ('PLR067', 'Nick', 'Pope', 'England');
INSERT INTO Person VALUES ('PLR068', 'Kieran', 'Trippier', 'England');
INSERT INTO Person VALUES ('PLR069', 'Sven', 'Botman', 'Netherlands');
INSERT INTO Person VALUES ('PLR070', 'Fabian', 'Schär', 'Switzerland');
INSERT INTO Person VALUES ('PLR071', 'Dan', 'Burn', 'England');
INSERT INTO Person VALUES ('PLR072', 'Bruno', 'Guimarães', 'Brazil');
INSERT INTO Person VALUES ('PLR073', 'Joelinton', 'Cássio Apolinário', 'Brazil');
INSERT INTO Person VALUES ('PLR074', 'Miguel', 'Almirón', 'Paraguay');
INSERT INTO Person VALUES ('PLR075', 'Alexander', 'Isak', 'Sweden');
INSERT INTO Person VALUES ('PLR076', 'Anthony', 'Gordon', 'England');
INSERT INTO Person VALUES ('PLR077', 'Allan', 'Saint-Maximin', 'France');

-- Team 8: Manchester United
INSERT INTO Person VALUES ('PLR078', 'André', 'Onana', 'Cameroon');
INSERT INTO Person VALUES ('PLR079', 'Victor', 'Lindelöf', 'Sweden');
INSERT INTO Person VALUES ('PLR080', 'Lisandro', 'Martínez', 'Argentina');
INSERT INTO Person VALUES ('PLR081', 'Luke', 'Shaw', 'England');
INSERT INTO Person VALUES ('PLR082', 'Raphael', 'Varane', 'France');
INSERT INTO Person VALUES ('PLR083', 'Casemiro', 'Torreira', 'Brazil');
INSERT INTO Person VALUES ('PLR084', 'Bruno', 'Fernandes', 'Portugal');
INSERT INTO Person VALUES ('PLR085', 'Christian', 'Eriksen', 'Denmark');
INSERT INTO Person VALUES ('PLR086', 'Marcus', 'Rashford', 'England');
INSERT INTO Person VALUES ('PLR087', 'Anthony', 'Martial', 'France');
INSERT INTO Person VALUES ('PLR088', 'Wout', 'Weghorst', 'Netherlands');

-- Team 9: West Ham United
INSERT INTO Person VALUES ('PLR089', 'Łukasz', 'Fabiański', 'Poland');
INSERT INTO Person VALUES ('PLR090', 'Vladimir', 'Coufal', 'Czech Republic');
INSERT INTO Person VALUES ('PLR091', 'Kurt', 'Zouma', 'France');
INSERT INTO Person VALUES ('PLR092', 'Aaron', 'Cresswell', 'England');
INSERT INTO Person VALUES ('PLR093', 'Angelo', 'Ogbonna', 'Italy');
INSERT INTO Person VALUES ('PLR094', 'Declan', 'Rice', 'England');
INSERT INTO Person VALUES ('PLR095', 'Tomas', 'Souček', 'Czech Republic');
INSERT INTO Person VALUES ('PLR096', 'Pablo', 'Fornals', 'Spain');
INSERT INTO Person VALUES ('PLR097', 'Michail', 'Antonio', 'Jamaica');
INSERT INTO Person VALUES ('PLR098', 'Jarrod', 'Bowen', 'England');
INSERT INTO Person VALUES ('PLR099', 'Saïd', 'Benrahma', 'Algeria');

-- Team 10: Crystal Palace
INSERT INTO Person VALUES ('PLR100', 'Sam', 'Johnstone', 'England');
INSERT INTO Person VALUES ('PLR101', 'Joel', 'Ward', 'England');
INSERT INTO Person VALUES ('PLR102', 'Joachim', 'Andersen', 'Denmark');
INSERT INTO Person VALUES ('PLR103', 'Marc', 'Guehi', 'England');
INSERT INTO Person VALUES ('PLR104', 'Nathaniel', 'Clyne', 'England');
INSERT INTO Person VALUES ('PLR105', 'Conor', 'Gallagher', 'England');
INSERT INTO Person VALUES ('PLR106', 'Eberechi', 'Eze', 'England');
INSERT INTO Person VALUES ('PLR107', 'Michael', 'Olise', 'England');
INSERT INTO Person VALUES ('PLR108', 'Wilfried', 'Zaha', 'Ivory Coast');
INSERT INTO Person VALUES ('PLR109', 'Odsonne', 'Édouard', 'France');
INSERT INTO Person VALUES ('PLR110', 'Jordan', 'Ayew', 'Ghana');

-- Team 11: Brighton & Hove Albion
INSERT INTO Person VALUES ('PLR111', 'Jason', 'Steele', 'England');
INSERT INTO Person VALUES ('PLR112', 'Adam', 'Webster', 'England');
INSERT INTO Person VALUES ('PLR113', 'Lewis', 'Dunk', 'England');
INSERT INTO Person VALUES ('PLR114', 'Joel', 'Veltman', 'Netherlands');
INSERT INTO Person VALUES ('PLR115', 'Pervis', 'Estupiñán', 'Ecuador');
INSERT INTO Person VALUES ('PLR116', 'Alexis', 'Mac Allister', 'Argentina');
INSERT INTO Person VALUES ('PLR117', 'Moisés', 'Caicedo', 'Ecuador');
INSERT INTO Person VALUES ('PLR118', 'Pascal', 'Groß', 'Germany');
INSERT INTO Person VALUES ('PLR119', 'Kaoru', 'Mitoma', 'Japan');
INSERT INTO Person VALUES ('PLR120', 'João', 'Pedro', 'Brazil');
INSERT INTO Person VALUES ('PLR121', 'Danny', 'Welbeck', 'England');

-- Team 12: Bournemouth
INSERT INTO Person VALUES ('PLR122', 'Mark', 'Travers', 'Ireland');
INSERT INTO Person VALUES ('PLR123', 'Lloyd', 'Kelly', 'England');
INSERT INTO Person VALUES ('PLR124', 'Chris', 'Mepham', 'Wales');
INSERT INTO Person VALUES ('PLR125', 'Steve', 'Cook', 'England');
INSERT INTO Person VALUES ('PLR126', 'Jordan', 'Zemura', 'Zimbabwe');
INSERT INTO Person VALUES ('PLR127', 'Philip', 'Billing', 'Denmark');
INSERT INTO Person VALUES ('PLR128', 'Jefferson', 'Lerma', 'Colombia');
INSERT INTO Person VALUES ('PLR129', 'David', 'Brooks', 'Wales');
INSERT INTO Person VALUES ('PLR130', 'Dominic', 'Solanke', 'England');
INSERT INTO Person VALUES ('PLR131', 'Arnaut', 'Danjuma', 'Netherlands');
INSERT INTO Person VALUES ('PLR132', 'Josh', 'King', 'Norway');

-- Team 13: Fulham
INSERT INTO Person VALUES ('PLR133', 'Bernd', 'Leno', 'Germany');
INSERT INTO Person VALUES ('PLR134', 'Kenny', 'Tete', 'Netherlands');
INSERT INTO Person VALUES ('PLR135', 'Tosin', 'Adarabioyo', 'England');
INSERT INTO Person VALUES ('PLR136', 'Antonee', 'Robinson', 'England');
INSERT INTO Person VALUES ('PLR137', 'Joachim', 'Andersen', 'Denmark');
INSERT INTO Person VALUES ('PLR138', 'Harrison', 'Reed', 'England');
INSERT INTO Person VALUES ('PLR139', 'Andreas', 'Pereira', 'Brazil');
INSERT INTO Person VALUES ('PLR140', 'João', 'Palhinha', 'Portugal');
INSERT INTO Person VALUES ('PLR141', 'Aleksandar', 'Mitrović', 'Serbia');
INSERT INTO Person VALUES ('PLR142', 'Bobby', 'De Cordova-Reid', 'England');
INSERT INTO Person VALUES ('PLR143', 'Harry', 'Wilson', 'Wales');

-- Team 14: Wolves
INSERT INTO Person VALUES ('PLR144', 'José', 'Sá', 'Portugal');
INSERT INTO Person VALUES ('PLR145', 'Ki-Jana', 'Hoever', 'Netherlands');
INSERT INTO Person VALUES ('PLR146', 'Nathan', 'Collins', 'Ireland');
INSERT INTO Person VALUES ('PLR147', 'Max', 'Kilman', 'England');
INSERT INTO Person VALUES ('PLR148', 'Rayan', 'Aït-Nouri', 'France');
INSERT INTO Person VALUES ('PLR149', 'João', 'Moutinho', 'Portugal');
INSERT INTO Person VALUES ('PLR150', 'Matheus', 'Nunes', 'Portugal');
INSERT INTO Person VALUES ('PLR151', 'Pedro', 'Neto', 'Portugal');
INSERT INTO Person VALUES ('PLR152', 'Raúl', 'Jiménez', 'Mexico');
INSERT INTO Person VALUES ('PLR153', 'Hwang', 'Hee-chan', 'South Korea');
INSERT INTO Person VALUES ('PLR154', 'Daniel', 'Podence', 'Portugal');

-- Team 15: Everton
INSERT INTO Person VALUES ('PLR155', 'Jordan', 'Pickford', 'England');
INSERT INTO Person VALUES ('PLR156', 'Nathan', 'Patterson', 'Scotland');
INSERT INTO Person VALUES ('PLR157', 'Ben', 'Godfrey', 'England');
INSERT INTO Person VALUES ('PLR158', 'Conor', 'Coady', 'England');
INSERT INTO Person VALUES ('PLR159', 'Vitaliy', 'Mykolenko', 'Ukraine');
INSERT INTO Person VALUES ('PLR160', 'Amadou', 'Onana', 'Belgium');
INSERT INTO Person VALUES ('PLR161', 'James', 'Garner', 'England');
INSERT INTO Person VALUES ('PLR162', 'Andros', 'Townsend', 'England');
INSERT INTO Person VALUES ('PLR163', 'Dominic', 'Calvert-Lewin', 'England');
INSERT INTO Person VALUES ('PLR164', 'Neal', 'Maupay', 'France');
INSERT INTO Person VALUES ('PLR165', 'Anthony', 'Gordon', 'England');

-- Team 16: Brentford
INSERT INTO Person VALUES ('PLR166', 'David', 'Raya', 'Spain');
INSERT INTO Person VALUES ('PLR167', 'Mads', 'Roerslev', 'Denmark');
INSERT INTO Person VALUES ('PLR168', 'Ethan', 'Pinnock', 'Jamaica');
INSERT INTO Person VALUES ('PLR169', 'Kristoffer', 'Ajer', 'Norway');
INSERT INTO Person VALUES ('PLR170', 'Sergi', 'Canós', 'Spain');
INSERT INTO Person VALUES ('PLR171', 'Christian', 'Nørgaard', 'Denmark');
INSERT INTO Person VALUES ('PLR172', 'Mathias', 'Jensen', 'Denmark');
INSERT INTO Person VALUES ('PLR173', 'Bryan', 'Mbeumo', 'France');
INSERT INTO Person VALUES ('PLR174', 'Ivan', 'Toney', 'England');
INSERT INTO Person VALUES ('PLR175', 'Yoane', 'Wissa', 'DR Congo');
INSERT INTO Person VALUES ('PLR176', 'Marcus', 'Forss', 'Finland');

-- Team 17: Nottingham Forest
INSERT INTO Person VALUES ('PLR177', 'Brice', 'Samba', 'DR Congo');
INSERT INTO Person VALUES ('PLR178', 'Joe', 'Worrall', 'England');
INSERT INTO Person VALUES ('PLR179', 'Scott', 'McKenna', 'Scotland');
INSERT INTO Person VALUES ('PLR180', 'Moussa', 'Niakhaté', 'France');
INSERT INTO Person VALUES ('PLR181', 'Yuri', 'Ribeiro', 'Portugal');
INSERT INTO Person VALUES ('PLR182', 'Ryan', 'Yates', 'England');
INSERT INTO Person VALUES ('PLR183', 'Brennan', 'Johnson', 'Wales');
INSERT INTO Person VALUES ('PLR184', 'Morgan', 'Gibbs-White', 'England');
INSERT INTO Person VALUES ('PLR185', 'Taiwo', 'Awoniyi', 'Nigeria');
INSERT INTO Person VALUES ('PLR186', 'Keinan', 'Davis', 'England');
INSERT INTO Person VALUES ('PLR187', 'Sam', 'Surridge', 'England');

-- Team 18: Luton Town
INSERT INTO Person VALUES ('PLR188', 'Simon', 'Sluga', 'Croatia');
INSERT INTO Person VALUES ('PLR189', 'James', 'Bree', 'England');
INSERT INTO Person VALUES ('PLR190', 'Sonny', 'Bradley', 'England');
INSERT INTO Person VALUES ('PLR191', 'Tom', 'Lockyer', 'England');
INSERT INTO Person VALUES ('PLR192', 'Pelly-Ruddock', 'Mpanzu', 'England');
INSERT INTO Person VALUES ('PLR193', 'Elijah', 'Adebayo', 'England');
INSERT INTO Person VALUES ('PLR194', 'Luke', 'Berry', 'England');
INSERT INTO Person VALUES ('PLR195', 'Harry', 'Cornick', 'England');
INSERT INTO Person VALUES ('PLR196', 'Carlton', 'Morris', 'England');
INSERT INTO Person VALUES ('PLR197', 'James', 'Collins', 'England');
INSERT INTO Person VALUES ('PLR198', 'Dan', 'Potts', 'England');

-- Team 19: Burnley
INSERT INTO Person VALUES ('PLR199', 'Wayne', 'Hennessey', 'Wales');
INSERT INTO Person VALUES ('PLR200', 'Nathan', 'Collins', 'Ireland');
INSERT INTO Person VALUES ('PLR201', 'Ben', 'Mee', 'England');
INSERT INTO Person VALUES ('PLR202', 'Charlie', 'Taylor', 'England');
INSERT INTO Person VALUES ('PLR203', 'Erik', 'Pieters', 'Netherlands');
INSERT INTO Person VALUES ('PLR204', 'Josh', 'Brownhill', 'England');
INSERT INTO Person VALUES ('PLR205', 'Dwight', 'McNeil', 'England');
INSERT INTO Person VALUES ('PLR206', 'Robbie', 'Brady', 'Ireland');
INSERT INTO Person VALUES ('PLR207', 'Maxwel', 'Cornet', 'Ivory Coast');
INSERT INTO Person VALUES ('PLR208', 'Jay', 'Rodriguez', 'England');
INSERT INTO Person VALUES ('PLR209', 'Wout', 'Weghorst', 'Netherlands');

-- Team 20: Sheffield United
INSERT INTO Person VALUES ('PLR210', 'Wes', 'Foderingham', 'England');
INSERT INTO Person VALUES ('PLR211', 'Enda', 'Stevens', 'Ireland');
INSERT INTO Person VALUES ('PLR212', 'John', 'Egan', 'Ireland');
INSERT INTO Person VALUES ('PLR213', 'Jack', 'Robinson', 'England');
INSERT INTO Person VALUES ('PLR214', 'Jayden', 'Bogle', 'England');
INSERT INTO Person VALUES ('PLR215', 'Sander', 'Berge', 'Norway');
INSERT INTO Person VALUES ('PLR216', 'John', 'Fleck', 'Scotland');
INSERT INTO Person VALUES ('PLR217', 'Morgan', 'Gibbs-White', 'England');
INSERT INTO Person VALUES ('PLR218', 'Billy', 'Sharp', 'England');
INSERT INTO Person VALUES ('PLR219', 'Dominic', 'Iorfa', 'England');
INSERT INTO Person VALUES ('PLR220', 'David', 'McGoldrick', 'Ireland');


-- Stadium Insertions

INSERT INTO Stadium VALUES ('STD001', 'Etihad Stadium', 53400); -- Man City
INSERT INTO Stadium VALUES ('STD002', 'Emirates Stadium', 60704); -- Arsenal
INSERT INTO Stadium VALUES ('STD003', 'Anfield', 61015); -- Liverpool
INSERT INTO Stadium VALUES ('STD004', 'Villa Park', 42657); -- Aston Villa
INSERT INTO Stadium VALUES ('STD005', 'Tottenham Hotspur Stadium', 62850); -- Tottenham Hotspur
INSERT INTO Stadium VALUES ('STD006', 'Stamford Bridge', 40343); -- Chelsea
INSERT INTO Stadium VALUES ('STD007', 'St. James'' Park', 52305); -- Newcastle United
INSERT INTO Stadium VALUES ('STD008', 'Old Trafford', 74310); -- Manchester United
INSERT INTO Stadium VALUES ('STD009', 'London Stadium', 62500); -- West Ham United
INSERT INTO Stadium VALUES ('STD010', 'Selhurst Park', 25486); -- Crystal Palace
INSERT INTO Stadium VALUES ('STD011', 'Amex Stadium', 31800); -- Brighton & Hove Albion
INSERT INTO Stadium VALUES ('STD012', 'Vitality Stadium', 11307); -- AFC Bournemouth
INSERT INTO Stadium VALUES ('STD013', 'Craven Cottage', 25700); -- Fulham
INSERT INTO Stadium VALUES ('STD014', 'Molineux Stadium', 32050); -- Wolves
INSERT INTO Stadium VALUES ('STD015', 'Goodison Park', 39414); -- Everton
INSERT INTO Stadium VALUES ('STD016', 'Gtech Community Stadium', 17250); -- Brentford
INSERT INTO Stadium VALUES ('STD017', 'City Ground', 30445); -- Nottingham Forest
INSERT INTO Stadium VALUES ('STD018', 'Kenilworth Road', 11500); -- Luton Town
INSERT INTO Stadium VALUES ('STD019', 'Turf Moor', 21944); -- Burnley
INSERT INTO Stadium VALUES ('STD020', 'Bramall Lane', 32702); -- Sheffield United


-- Team Insertions

INSERT INTO Team VALUES (1,  'Manchester City',        'STD001', 'MGR001', 0, 0, 10);
INSERT INTO Team VALUES (2,  'Arsenal',                'STD002', 'MGR002', 0, 0, 9);
INSERT INTO Team VALUES (3,  'Liverpool',              'STD003', 'MGR003', 0, 0, 9);
INSERT INTO Team VALUES (4,  'Aston Villa',            'STD004', 'MGR004', 0, 0, 7);
INSERT INTO Team VALUES (5,  'Tottenham Hotspur',      'STD005', 'MGR005', 0, 0, 7);
INSERT INTO Team VALUES (6,  'Chelsea',                'STD006', 'MGR006', 0, 0, 6);
INSERT INTO Team VALUES (7,  'Newcastle United',       'STD007', 'MGR007', 0, 0, 6);
INSERT INTO Team VALUES (8,  'Manchester United',      'STD008', 'MGR008', 0, 0, 5);
INSERT INTO Team VALUES (9,  'West Ham United',        'STD009', 'MGR009', 0, 0, 4);
INSERT INTO Team VALUES (10, 'Crystal Palace',         'STD010', 'MGR010', 0, 0, 4);
INSERT INTO Team VALUES (11, 'Brighton',               'STD011', 'MGR011', 0, 0, 4);
INSERT INTO Team VALUES (12, 'AFC Bournemouth',        'STD012', 'MGR012', 0, 0, 3);
INSERT INTO Team VALUES (13, 'Fulham',                 'STD013', 'MGR013', 0, 0, 3);
INSERT INTO Team VALUES (14, 'Wolverhampton Wanderers','STD014', 'MGR014', 0, 0, 3);
INSERT INTO Team VALUES (15, 'Everton',                'STD015', 'MGR015', 0, 0, 3);
INSERT INTO Team VALUES (16, 'Brentford',              'STD016', 'MGR016', 0, 0, 3);
INSERT INTO Team VALUES (17, 'Nottingham Forest',      'STD017', 'MGR017', 0, 0, 2);
INSERT INTO Team VALUES (18, 'Luton Town',             'STD018', 'MGR018', 0, 0, 2);
INSERT INTO Team VALUES (19, 'Burnley',                'STD019', 'MGR019', 0, 0, 1);
INSERT INTO Team VALUES (20, 'Sheffield United',       'STD020', 'MGR020', 0, 0, 1);


-- Manager Insertions

INSERT INTO Manager VALUES ('MGR001', 1, 18);  -- Pep Guardiola (Man City)
INSERT INTO Manager VALUES ('MGR002', 2, 7);   -- Mikel Arteta (Arsenal)
INSERT INTO Manager VALUES ('MGR003', 3, 11);  -- Jürgen Klopp (Liverpool)
INSERT INTO Manager VALUES ('MGR004', 4, 9);   -- Unai Emery (Aston Villa)
INSERT INTO Manager VALUES ('MGR005', 5, 15);  -- Ange Postecoglou (Tottenham Hotspur)
INSERT INTO Manager VALUES ('MGR006', 6, 12);  -- Graham Potter (Chelsea)
INSERT INTO Manager VALUES ('MGR007', 7, 6);   -- Eddie Howe (Newcastle United)
INSERT INTO Manager VALUES ('MGR008', 8, 10);  -- Erik ten Hag (Manchester United)
INSERT INTO Manager VALUES ('MGR009', 9, 14);  -- David Moyes (West Ham United)
INSERT INTO Manager VALUES ('MGR010', 10, 5); -- Roy Hodgson (Crystal Palace)
INSERT INTO Manager VALUES ('MGR011', 11, 8); -- Roberto De Zerbi (Brighton & Hove Albion)
INSERT INTO Manager VALUES ('MGR012', 12, 7); -- Gary O'Neil (Bournemouth)
INSERT INTO Manager VALUES ('MGR013', 13, 9); -- Marco Silva (Fulham)
INSERT INTO Manager VALUES ('MGR014', 14, 13);-- Julen Lopetegui (Wolves)
INSERT INTO Manager VALUES ('MGR015', 15, 6); -- Sean Dyche (Everton)
INSERT INTO Manager VALUES ('MGR016', 16, 5); -- Thomas Frank (Brentford)
INSERT INTO Manager VALUES ('MGR017', 17, 4); -- Steve Cooper (Nottingham Forest)
INSERT INTO Manager VALUES ('MGR018', 18, 3); -- Rob Edwards (Luton Town)
INSERT INTO Manager VALUES ('MGR019', 19, 19);-- Vincent Kompany (Burnley)
INSERT INTO Manager VALUES ('MGR020', 20, 16);-- Paul Heckingbottom (Sheffield United)


-- Player Insertions

-- Team 1: Manchester City
INSERT INTO Player VALUES ('PLR001', 1, 'GK', 31);
INSERT INTO Player VALUES ('PLR002', 1, 'RB', 2);
INSERT INTO Player VALUES ('PLR003', 1, 'CB', 3);
INSERT INTO Player VALUES ('PLR004', 1, 'CB', 6);
INSERT INTO Player VALUES ('PLR005', 1, 'LB', 24);
INSERT INTO Player VALUES ('PLR006', 1, 'CDM', 16);
INSERT INTO Player VALUES ('PLR007', 1, 'CM', 17);
INSERT INTO Player VALUES ('PLR008', 1, 'CAM', 47);
INSERT INTO Player VALUES ('PLR009', 1, 'ST', 9);
INSERT INTO Player VALUES ('PLR010', 1, 'LW', 10);
INSERT INTO Player VALUES ('PLR011', 1, 'RW', 11);

-- Team 2: Arsenal
INSERT INTO Player VALUES ('PLR012', 2, 'GK', 1);
INSERT INTO Player VALUES ('PLR013', 2, 'RB', 4);
INSERT INTO Player VALUES ('PLR014', 2, 'CB', 12);
INSERT INTO Player VALUES ('PLR015', 2, 'LB', 35);
INSERT INTO Player VALUES ('PLR016', 2, 'CB', 6);
INSERT INTO Player VALUES ('PLR017', 2, 'CM', 8);
INSERT INTO Player VALUES ('PLR018', 2, 'CDM', 5);
INSERT INTO Player VALUES ('PLR019', 2, 'RW', 7);
INSERT INTO Player VALUES ('PLR020', 2, 'ST', 9);
INSERT INTO Player VALUES ('PLR021', 2, 'LW', 11);
INSERT INTO Player VALUES ('PLR022', 2, 'CAM', 19);

-- Team 3: Liverpool
INSERT INTO Player VALUES ('PLR023', 3, 'GK', 1);
INSERT INTO Player VALUES ('PLR024', 3, 'LB', 26);
INSERT INTO Player VALUES ('PLR025', 3, 'CB', 4);
INSERT INTO Player VALUES ('PLR026', 3, 'CB', 5);
INSERT INTO Player VALUES ('PLR027', 3, 'LB', 21);
INSERT INTO Player VALUES ('PLR028', 3, 'CM', 14);
INSERT INTO Player VALUES ('PLR029', 3, 'CDM', 3);
INSERT INTO Player VALUES ('PLR030', 3, 'CM', 8);
INSERT INTO Player VALUES ('PLR031', 3, 'RW', 11);
INSERT INTO Player VALUES ('PLR032', 3, 'LW', 20);
INSERT INTO Player VALUES ('PLR033', 3, 'ST', 27);

-- Team 4: Aston Villa
INSERT INTO Player VALUES ('PLR034', 4, 'GK', 1);
INSERT INTO Player VALUES ('PLR035', 4, 'RB', 2);
INSERT INTO Player VALUES ('PLR036', 4, 'CB', 5);
INSERT INTO Player VALUES ('PLR037', 4, 'CB', 3);
INSERT INTO Player VALUES ('PLR038', 4, 'ST', 35);
INSERT INTO Player VALUES ('PLR039', 4, 'CDM', 6);
INSERT INTO Player VALUES ('PLR040', 4, 'CAM', 23);
INSERT INTO Player VALUES ('PLR041', 4, 'RW', 31);
INSERT INTO Player VALUES ('PLR042', 4, 'ST', 11);
INSERT INTO Player VALUES ('PLR043', 4, 'ST', 9);
INSERT INTO Player VALUES ('PLR044', 4, 'CM', 41);

-- Team 5: Tottenham Hotspur
INSERT INTO Player VALUES ('PLR045', 5, 'GK', 1);
INSERT INTO Player VALUES ('PLR046', 5, 'RB', 12);
INSERT INTO Player VALUES ('PLR047', 5, 'CB', 17);
INSERT INTO Player VALUES ('PLR048', 5, 'CB', 15);
INSERT INTO Player VALUES ('PLR049', 5, 'LB', 33);
INSERT INTO Player VALUES ('PLR050', 5, 'CM', 30);
INSERT INTO Player VALUES ('PLR051', 5, 'CDM', 5);
INSERT INTO Player VALUES ('PLR052', 5, 'RW', 21);
INSERT INTO Player VALUES ('PLR053', 5, 'ST', 10);
INSERT INTO Player VALUES ('PLR054', 5, 'LW', 7);
INSERT INTO Player VALUES ('PLR055', 5, 'CF', 9);

-- Team 6: Chelsea
INSERT INTO Player VALUES ('PLR056', 6, 'GK', 1);
INSERT INTO Player VALUES ('PLR057', 6, 'RB', 24);
INSERT INTO Player VALUES ('PLR058', 6, 'CB', 6);
INSERT INTO Player VALUES ('PLR059', 6, 'CB', 33);
INSERT INTO Player VALUES ('PLR060', 6, 'LB', 28);
INSERT INTO Player VALUES ('PLR061', 6, 'CM', 8);
INSERT INTO Player VALUES ('PLR062', 6, 'CM', 17);
INSERT INTO Player VALUES ('PLR063', 6, 'CAM', 19);
INSERT INTO Player VALUES ('PLR064', 6, 'RW', 7);
INSERT INTO Player VALUES ('PLR065', 6, 'LW', 15);
INSERT INTO Player VALUES ('PLR066', 6, 'CF', 29);

-- Team 7: Newcastle United
INSERT INTO Player VALUES ('PLR067', 7, 'GK', 22);
INSERT INTO Player VALUES ('PLR068', 7, 'RB', 2);
INSERT INTO Player VALUES ('PLR069', 7, 'CB', 4);
INSERT INTO Player VALUES ('PLR070', 7, 'CB', 5);
INSERT INTO Player VALUES ('PLR071', 7, 'LB', 33);
INSERT INTO Player VALUES ('PLR072', 7, 'CM', 39);
INSERT INTO Player VALUES ('PLR073', 7, 'CDM', 7);
INSERT INTO Player VALUES ('PLR074', 7, 'RW', 24);
INSERT INTO Player VALUES ('PLR075', 7, 'ST', 14);
INSERT INTO Player VALUES ('PLR076', 7, 'LW', 8);
INSERT INTO Player VALUES ('PLR077', 7, 'CF', 10);

-- Team 8: Manchester United
INSERT INTO Player VALUES ('PLR078', 8, 'GK', 24);
INSERT INTO Player VALUES ('PLR079', 8, 'CB', 2);
INSERT INTO Player VALUES ('PLR080', 8, 'CB', 6);
INSERT INTO Player VALUES ('PLR081', 8, 'LB', 23);
INSERT INTO Player VALUES ('PLR082', 8, 'CB', 19);
INSERT INTO Player VALUES ('PLR083', 8, 'CDM', 18);
INSERT INTO Player VALUES ('PLR084', 8, 'CAM', 8);
INSERT INTO Player VALUES ('PLR085', 8, 'CM', 14);
INSERT INTO Player VALUES ('PLR086', 8, 'LW', 10);
INSERT INTO Player VALUES ('PLR087', 8, 'CF', 9);
INSERT INTO Player VALUES ('PLR088', 8, 'ST', 27);

-- Team 9: West Ham United
INSERT INTO Player VALUES ('PLR089', 9, 'GK', 1);
INSERT INTO Player VALUES ('PLR090', 9, 'RB', 5);
INSERT INTO Player VALUES ('PLR091', 9, 'CB', 4);
INSERT INTO Player VALUES ('PLR092', 9, 'LB', 3);
INSERT INTO Player VALUES ('PLR093', 9, 'CB', 21);
INSERT INTO Player VALUES ('PLR094', 9, 'CDM', 41);
INSERT INTO Player VALUES ('PLR095', 9, 'CM', 28);
INSERT INTO Player VALUES ('PLR096', 9, 'CAM', 8);
INSERT INTO Player VALUES ('PLR097', 9, 'ST', 30);
INSERT INTO Player VALUES ('PLR098', 9, 'RW', 20);
INSERT INTO Player VALUES ('PLR099', 9, 'LW', 22);

-- Team 10: Crystal Palace
INSERT INTO Player VALUES ('PLR100', 10, 'GK', 21);
INSERT INTO Player VALUES ('PLR101', 10, 'RB', 2);
INSERT INTO Player VALUES ('PLR102', 10, 'CB', 16);
INSERT INTO Player VALUES ('PLR103', 10, 'CB', 6);
INSERT INTO Player VALUES ('PLR104', 10, 'LB', 17);
INSERT INTO Player VALUES ('PLR105', 10, 'CM', 23);
INSERT INTO Player VALUES ('PLR106', 10, 'CAM', 10);
INSERT INTO Player VALUES ('PLR107', 10, 'RW', 7);
INSERT INTO Player VALUES ('PLR108', 10, 'LW', 11);
INSERT INTO Player VALUES ('PLR109', 10, 'ST', 9);
INSERT INTO Player VALUES ('PLR110', 10, 'CF', 14);

-- Team 11: Brighton & Hove Albion
INSERT INTO Player VALUES ('PLR111', 11, 'GK', 23);
INSERT INTO Player VALUES ('PLR112', 11, 'CB', 4);
INSERT INTO Player VALUES ('PLR113', 11, 'CB', 5);
INSERT INTO Player VALUES ('PLR114', 11, 'RB', 34);
INSERT INTO Player VALUES ('PLR115', 11, 'LB', 30);
INSERT INTO Player VALUES ('PLR116', 11, 'CM', 10);
INSERT INTO Player VALUES ('PLR117', 11, 'CDM', 25);
INSERT INTO Player VALUES ('PLR118', 11, 'CAM', 13);
INSERT INTO Player VALUES ('PLR119', 11, 'LW', 22);
INSERT INTO Player VALUES ('PLR120', 11, 'ST', 9);
INSERT INTO Player VALUES ('PLR121', 11, 'CF', 18);

-- Team 12: Bournemouth
INSERT INTO Player VALUES ('PLR122', 12, 'GK', 42);
INSERT INTO Player VALUES ('PLR123', 12, 'CB', 5);
INSERT INTO Player VALUES ('PLR124', 12, 'CB', 6);
INSERT INTO Player VALUES ('PLR125', 12, 'RB', 3);
INSERT INTO Player VALUES ('PLR126', 12, 'LB', 33);
INSERT INTO Player VALUES ('PLR127', 12, 'CM', 29);
INSERT INTO Player VALUES ('PLR128', 12, 'CDM', 8);
INSERT INTO Player VALUES ('PLR129', 12, 'RW', 7);
INSERT INTO Player VALUES ('PLR130', 12, 'ST', 9);
INSERT INTO Player VALUES ('PLR131', 12, 'LW', 10);
INSERT INTO Player VALUES ('PLR132', 12, 'CF', 11);

-- Team 13: Fulham
INSERT INTO Player VALUES ('PLR133', 13, 'GK', 17);
INSERT INTO Player VALUES ('PLR134', 13, 'RB', 2);
INSERT INTO Player VALUES ('PLR135', 13, 'CB', 4);
INSERT INTO Player VALUES ('PLR136', 13, 'LB', 3);
INSERT INTO Player VALUES ('PLR137', 13, 'CB', 5);
INSERT INTO Player VALUES ('PLR138', 13, 'CM', 6);
INSERT INTO Player VALUES ('PLR139', 13, 'CDM', 18);
INSERT INTO Player VALUES ('PLR140', 13, 'CAM', 10);
INSERT INTO Player VALUES ('PLR141', 13, 'ST', 9);
INSERT INTO Player VALUES ('PLR142', 13, 'RW', 14);
INSERT INTO Player VALUES ('PLR143', 13, 'LW', 7);

-- Team 14: Wolves
INSERT INTO Player VALUES ('PLR144', 14, 'GK', 1);
INSERT INTO Player VALUES ('PLR145', 14, 'RB', 24);
INSERT INTO Player VALUES ('PLR146', 14, 'CB', 4);
INSERT INTO Player VALUES ('PLR147', 14, 'CB', 16);
INSERT INTO Player VALUES ('PLR148', 14, 'LB', 3);
INSERT INTO Player VALUES ('PLR149', 14, 'CM', 28);
INSERT INTO Player VALUES ('PLR150', 14, 'CDM', 8);
INSERT INTO Player VALUES ('PLR151', 14, 'RW', 7);
INSERT INTO Player VALUES ('PLR152', 14, 'ST', 9);
INSERT INTO Player VALUES ('PLR153', 14, 'LW', 11);
INSERT INTO Player VALUES ('PLR154', 14, 'CF', 10);

-- Team 15: Everton
INSERT INTO Player VALUES ('PLR155', 15, 'GK', 1);
INSERT INTO Player VALUES ('PLR156', 15, 'RB', 2);
INSERT INTO Player VALUES ('PLR157', 15, 'CB', 4);
INSERT INTO Player VALUES ('PLR158', 15, 'CB', 5);
INSERT INTO Player VALUES ('PLR159', 15, 'LB', 3);
INSERT INTO Player VALUES ('PLR160', 15, 'CM', 8);
INSERT INTO Player VALUES ('PLR161', 15, 'CDM', 26);
INSERT INTO Player VALUES ('PLR162', 15, 'RW', 14);
INSERT INTO Player VALUES ('PLR163', 15, 'ST', 9);
INSERT INTO Player VALUES ('PLR164', 15, 'LW', 11);
INSERT INTO Player VALUES ('PLR165', 15, 'CF', 10);

-- Team 16: Brentford
INSERT INTO Player VALUES ('PLR166', 16, 'GK', 1);
INSERT INTO Player VALUES ('PLR167', 16, 'RB', 30);
INSERT INTO Player VALUES ('PLR168', 16, 'CB', 5);
INSERT INTO Player VALUES ('PLR169', 16, 'CB', 13);
INSERT INTO Player VALUES ('PLR170', 16, 'LB', 7);
INSERT INTO Player VALUES ('PLR171', 16, 'CM', 6);
INSERT INTO Player VALUES ('PLR172', 16, 'CDM', 8);
INSERT INTO Player VALUES ('PLR173', 16, 'RW', 19);
INSERT INTO Player VALUES ('PLR174', 16, 'ST', 17);
INSERT INTO Player VALUES ('PLR175', 16, 'LW', 11);
INSERT INTO Player VALUES ('PLR176', 16, 'CF', 9);

-- Team 17: Nottingham Forest
INSERT INTO Player VALUES ('PLR177', 17, 'GK', 30);
INSERT INTO Player VALUES ('PLR178', 17, 'CB', 4);
INSERT INTO Player VALUES ('PLR179', 17, 'CB', 26);
INSERT INTO Player VALUES ('PLR180', 17, 'CB', 19);
INSERT INTO Player VALUES ('PLR181', 17, 'LB', 2);
INSERT INTO Player VALUES ('PLR182', 17, 'CM', 22);
INSERT INTO Player VALUES ('PLR183', 17, 'CAM', 20);
INSERT INTO Player VALUES ('PLR184', 17, 'RW', 10);
INSERT INTO Player VALUES ('PLR185', 17, 'ST', 9);
INSERT INTO Player VALUES ('PLR186', 17, 'CF', 14);
INSERT INTO Player VALUES ('PLR187', 17, 'LW', 11);

-- Team 18: Luton Town
INSERT INTO Player VALUES ('PLR188', 18, 'GK', 12);
INSERT INTO Player VALUES ('PLR189', 18, 'RB', 2);
INSERT INTO Player VALUES ('PLR190', 18, 'CB', 5);
INSERT INTO Player VALUES ('PLR191', 18, 'CB', 6);
INSERT INTO Player VALUES ('PLR192', 18, 'LB', 3);
INSERT INTO Player VALUES ('PLR193', 18, 'CM', 17);
INSERT INTO Player VALUES ('PLR194', 18, 'CDM', 8);
INSERT INTO Player VALUES ('PLR195', 18, 'RW', 7);
INSERT INTO Player VALUES ('PLR196', 18, 'ST', 9);
INSERT INTO Player VALUES ('PLR197', 18, 'LW', 10);
INSERT INTO Player VALUES ('PLR198', 18, 'CF', 11);

-- Team 19: Burnley
INSERT INTO Player VALUES ('PLR199', 19, 'GK', 1);
INSERT INTO Player VALUES ('PLR200', 19, 'CB', 22);
INSERT INTO Player VALUES ('PLR201', 19, 'CB', 6);
INSERT INTO Player VALUES ('PLR202', 19, 'LB', 3);
INSERT INTO Player VALUES ('PLR203', 19, 'RB', 23);
INSERT INTO Player VALUES ('PLR204', 19, 'CM', 8);
INSERT INTO Player VALUES ('PLR205', 19, 'CDM', 4);
INSERT INTO Player VALUES ('PLR206', 19, 'RW', 12);
INSERT INTO Player VALUES ('PLR207', 19, 'ST', 27);
INSERT INTO Player VALUES ('PLR208', 19, 'LW', 19);
INSERT INTO Player VALUES ('PLR209', 19, 'CF', 9);

-- Team 20: Sheffield United
INSERT INTO Player VALUES ('PLR210', 20, 'GK', 18);
INSERT INTO Player VALUES ('PLR211', 20, 'LB', 3);
INSERT INTO Player VALUES ('PLR212', 20, 'CB', 12);
INSERT INTO Player VALUES ('PLR213', 20, 'CB', 19);
INSERT INTO Player VALUES ('PLR214', 20, 'RB', 20);
INSERT INTO Player VALUES ('PLR215', 20, 'CM', 8);
INSERT INTO Player VALUES ('PLR216', 20, 'CDM', 4);
INSERT INTO Player VALUES ('PLR217', 20, 'CAM', 10);
INSERT INTO Player VALUES ('PLR218', 20, 'ST', 9);
INSERT INTO Player VALUES ('PLR219', 20, 'LW', 11);
INSERT INTO Player VALUES ('PLR220', 20, 'CF', 17);


-- Sponsor Insertions

INSERT INTO Sponsor VALUES ('SPNR01', 'Etihad Airways',        1);   -- Manchester City
INSERT INTO Sponsor VALUES ('SPNR02', 'Emirates',              2);   -- Arsenal
INSERT INTO Sponsor VALUES ('SPNR03', 'Standard Chartered',    3);   -- Liverpool
INSERT INTO Sponsor VALUES ('SPNR04', 'Cazoo',                 4);   -- Aston Villa
INSERT INTO Sponsor VALUES ('SPNR05', 'AIA',                   5);   -- Tottenham Hotspur
INSERT INTO Sponsor VALUES ('SPNR06', 'Three',                 6);   -- Chelsea
INSERT INTO Sponsor VALUES ('SPNR07', 'Sela',                  7);   -- Newcastle United
INSERT INTO Sponsor VALUES ('SPNR08', 'TeamViewer',            8);   -- Manchester United
INSERT INTO Sponsor VALUES ('SPNR09', 'Betway',                9);   -- West Ham United
INSERT INTO Sponsor VALUES ('SPNR10', 'cinch',                 10);  -- Crystal Palace
INSERT INTO Sponsor VALUES ('SPNR11', 'American Express',      11);  -- Brighton & Hove Albion
INSERT INTO Sponsor VALUES ('SPNR12', 'Dafabet',               12);  -- AFC Bournemouth
INSERT INTO Sponsor VALUES ('SPNR13', 'SBOTOP',                13);  -- Fulham
INSERT INTO Sponsor VALUES ('SPNR14', 'AstroPay',              14);  -- Wolves
INSERT INTO Sponsor VALUES ('SPNR15', 'Stake.com',             15);  -- Everton
INSERT INTO Sponsor VALUES ('SPNR16', 'Hollywoodbets',         16);  -- Brentford
INSERT INTO Sponsor VALUES ('SPNR17', 'Ideagen',               17);  -- Nottingham Forest
INSERT INTO Sponsor VALUES ('SPNR18', 'Utilita',               18);  -- Luton Town
INSERT INTO Sponsor VALUES ('SPNR19', 'W88',                   19);  -- Burnley
INSERT INTO Sponsor VALUES ('SPNR20', 'Randox Health',         20);  -- Sheffield United


-- Market_Value Insertions

INSERT INTO Market_Value VALUES (1, 2024, 1260000000);
INSERT INTO Market_Value VALUES (2, 2024, 1200000000);
INSERT INTO Market_Value VALUES (3, 2024, 950000000);
INSERT INTO Market_Value VALUES (4, 2024, 650000000);
INSERT INTO Market_Value VALUES (5, 2024, 800000000);
INSERT INTO Market_Value VALUES (6, 2024, 900000000);
INSERT INTO Market_Value VALUES (7, 2024, 680000000);
INSERT INTO Market_Value VALUES (8, 2024, 770000000);
INSERT INTO Market_Value VALUES (9, 2024, 470000000);
INSERT INTO Market_Value VALUES (10, 2024, 350000000);
INSERT INTO Market_Value VALUES (11, 2024, 420000000);
INSERT INTO Market_Value VALUES (12, 2024, 320000000);
INSERT INTO Market_Value VALUES (13, 2024, 310000000);
INSERT INTO Market_Value VALUES (14, 2024, 330000000);
INSERT INTO Market_Value VALUES (15, 2024, 310000000);
INSERT INTO Market_Value VALUES (16, 2024, 360000000);
INSERT INTO Market_Value VALUES (17, 2024, 280000000);
INSERT INTO Market_Value VALUES (18, 2024, 75000000);
INSERT INTO Market_Value VALUES (19, 2024, 120000000);
INSERT INTO Market_Value VALUES (20, 2024, 85000000);


-- Match Insertions

-- MATCHDAY 1
INSERT INTO Match VALUES (1, 1, 2, 'STD001');
INSERT INTO Match VALUES (2, 3, 4, 'STD003');
INSERT INTO Match VALUES (3, 5, 6, 'STD005');
INSERT INTO Match VALUES (4, 7, 8, 'STD007');
INSERT INTO Match VALUES (5, 9, 10, 'STD009');
INSERT INTO Match VALUES (6, 11, 12, 'STD011');
INSERT INTO Match VALUES (7, 13, 14, 'STD013');
INSERT INTO Match VALUES (8, 15, 16, 'STD015');
INSERT INTO Match VALUES (9, 17, 18, 'STD017');
INSERT INTO Match VALUES (10, 19, 20, 'STD019');

-- MATCHDAY 2
INSERT INTO Match VALUES (11, 2, 3, 'STD002');
INSERT INTO Match VALUES (12, 4, 5, 'STD004');
INSERT INTO Match VALUES (13, 6, 7, 'STD006');
INSERT INTO Match VALUES (14, 8, 9, 'STD008');
INSERT INTO Match VALUES (15, 10, 11, 'STD010');
INSERT INTO Match VALUES (16, 12, 13, 'STD012');
INSERT INTO Match VALUES (17, 14, 15, 'STD014');
INSERT INTO Match VALUES (18, 16, 17, 'STD016');
INSERT INTO Match VALUES (19, 18, 19, 'STD018');
INSERT INTO Match VALUES (20, 20, 1, 'STD020');

-- MATCHDAY 3
INSERT INTO Match VALUES (21, 1, 3, 'STD001');
INSERT INTO Match VALUES (22, 2, 4, 'STD002');
INSERT INTO Match VALUES (23, 5, 7, 'STD005');
INSERT INTO Match VALUES (24, 6, 8, 'STD006');
INSERT INTO Match VALUES (25, 9, 11, 'STD009');
INSERT INTO Match VALUES (26, 10, 12, 'STD010');
INSERT INTO Match VALUES (27, 13, 15, 'STD013');
INSERT INTO Match VALUES (28, 14, 16, 'STD014');
INSERT INTO Match VALUES (29, 17, 19, 'STD017');
INSERT INTO Match VALUES (30, 18, 20, 'STD018');

-- MATCHDAY 4
INSERT INTO Match VALUES (31, 4, 1, 'STD004');
INSERT INTO Match VALUES (32, 3, 2, 'STD003');
INSERT INTO Match VALUES (33, 7, 5, 'STD007');
INSERT INTO Match VALUES (34, 8, 6, 'STD008');
INSERT INTO Match VALUES (35, 11, 9, 'STD011');
INSERT INTO Match VALUES (36, 12, 10, 'STD012');
INSERT INTO Match VALUES (37, 15, 13, 'STD015');
INSERT INTO Match VALUES (38, 16, 14, 'STD016');
INSERT INTO Match VALUES (39, 19, 17, 'STD019');
INSERT INTO Match VALUES (40, 20, 18, 'STD020');

-- MATCHDAY 5
INSERT INTO Match VALUES (41, 1, 4, 'STD001');
INSERT INTO Match VALUES (42, 2, 5, 'STD002');
INSERT INTO Match VALUES (43, 3, 6, 'STD003');
INSERT INTO Match VALUES (44, 4, 7, 'STD004');
INSERT INTO Match VALUES (45, 5, 8, 'STD005');
INSERT INTO Match VALUES (46, 6, 9, 'STD006');
INSERT INTO Match VALUES (47, 7, 10, 'STD007');
INSERT INTO Match VALUES (48, 8, 11, 'STD008');
INSERT INTO Match VALUES (49, 9, 12, 'STD009');
INSERT INTO Match VALUES (50, 10, 13, 'STD010');

-- MATCHDAY 6
INSERT INTO Match VALUES (51, 11, 14, 'STD011');
INSERT INTO Match VALUES (52, 12, 15, 'STD012');
INSERT INTO Match VALUES (53, 13, 16, 'STD013');
INSERT INTO Match VALUES (54, 14, 17, 'STD014');
INSERT INTO Match VALUES (55, 15, 18, 'STD015');
INSERT INTO Match VALUES (56, 16, 19, 'STD016');
INSERT INTO Match VALUES (57, 17, 20, 'STD017');
INSERT INTO Match VALUES (58, 18, 1, 'STD018');
INSERT INTO Match VALUES (59, 19, 2, 'STD019');
INSERT INTO Match VALUES (60, 20, 3, 'STD020');

-- MATCHDAY 7
INSERT INTO Match VALUES (61, 1, 5, 'STD001');
INSERT INTO Match VALUES (62, 2, 6, 'STD002');
INSERT INTO Match VALUES (63, 3, 7, 'STD003');
INSERT INTO Match VALUES (64, 4, 8, 'STD004');
INSERT INTO Match VALUES (65, 5, 9, 'STD005');
INSERT INTO Match VALUES (66, 6, 10, 'STD006');
INSERT INTO Match VALUES (67, 7, 11, 'STD007');
INSERT INTO Match VALUES (68, 8, 12, 'STD008');
INSERT INTO Match VALUES (69, 9, 13, 'STD009');
INSERT INTO Match VALUES (70, 10, 14, 'STD010');

-- MATCHDAY 8
INSERT INTO Match VALUES (71, 11, 15, 'STD011');
INSERT INTO Match VALUES (72, 12, 16, 'STD012');
INSERT INTO Match VALUES (73, 13, 17, 'STD013');
INSERT INTO Match VALUES (74, 14, 18, 'STD014');
INSERT INTO Match VALUES (75, 15, 19, 'STD015');
INSERT INTO Match VALUES (76, 16, 20, 'STD016');
INSERT INTO Match VALUES (77, 17, 1, 'STD017');
INSERT INTO Match VALUES (78, 18, 2, 'STD018');
INSERT INTO Match VALUES (79, 19, 3, 'STD019');
INSERT INTO Match VALUES (80, 20, 4, 'STD020');

-- MATCHDAY 9
INSERT INTO Match VALUES (81, 1, 6, 'STD001');
INSERT INTO Match VALUES (82, 2, 7, 'STD002');
INSERT INTO Match VALUES (83, 3, 8, 'STD003');
INSERT INTO Match VALUES (84, 4, 9, 'STD004');
INSERT INTO Match VALUES (85, 5, 10, 'STD005');
INSERT INTO Match VALUES (86, 6, 11, 'STD006');
INSERT INTO Match VALUES (87, 7, 12, 'STD007');
INSERT INTO Match VALUES (88, 8, 13, 'STD008');
INSERT INTO Match VALUES (89, 9, 14, 'STD009');
INSERT INTO Match VALUES (90, 10, 15, 'STD010');

-- MATCHDAY 10
INSERT INTO Match VALUES (91, 11, 16, 'STD011');
INSERT INTO Match VALUES (92, 12, 17, 'STD012');
INSERT INTO Match VALUES (93, 13, 18, 'STD013');
INSERT INTO Match VALUES (94, 14, 19, 'STD014');
INSERT INTO Match VALUES (95, 15, 20, 'STD015');
INSERT INTO Match VALUES (96, 16, 1, 'STD016');
INSERT INTO Match VALUES (97, 17, 2, 'STD017');
INSERT INTO Match VALUES (98, 18, 3, 'STD018');
INSERT INTO Match VALUES (99, 19, 4, 'STD019');
INSERT INTO Match VALUES (100, 20, 5, 'STD020');

-- MATCHDAY 11
INSERT INTO Match VALUES (101, 1, 7, 'STD001');
INSERT INTO Match VALUES (102, 2, 8, 'STD002');
INSERT INTO Match VALUES (103, 3, 9, 'STD003');
INSERT INTO Match VALUES (104, 4, 10, 'STD004');
INSERT INTO Match VALUES (105, 5, 11, 'STD005');
INSERT INTO Match VALUES (106, 6, 12, 'STD006');
INSERT INTO Match VALUES (107, 7, 13, 'STD007');
INSERT INTO Match VALUES (108, 8, 14, 'STD008');
INSERT INTO Match VALUES (109, 9, 15, 'STD009');
INSERT INTO Match VALUES (110, 10, 16, 'STD010');

-- MATCHDAY 12
INSERT INTO Match VALUES (111, 11, 17, 'STD011');
INSERT INTO Match VALUES (112, 12, 18, 'STD012');
INSERT INTO Match VALUES (113, 13, 19, 'STD013');
INSERT INTO Match VALUES (114, 14, 20, 'STD014');
INSERT INTO Match VALUES (115, 15, 1, 'STD015');
INSERT INTO Match VALUES (116, 16, 2, 'STD016');
INSERT INTO Match VALUES (117, 17, 3, 'STD017');
INSERT INTO Match VALUES (118, 18, 4, 'STD018');
INSERT INTO Match VALUES (119, 19, 5, 'STD019');
INSERT INTO Match VALUES (120, 20, 6, 'STD020');

-- MATCHDAY 13
INSERT INTO Match VALUES (121, 1, 8, 'STD001');
INSERT INTO Match VALUES (122, 2, 9, 'STD002');
INSERT INTO Match VALUES (123, 3, 10, 'STD003');
INSERT INTO Match VALUES (124, 4, 11, 'STD004');
INSERT INTO Match VALUES (125, 5, 12, 'STD005');
INSERT INTO Match VALUES (126, 6, 13, 'STD006');
INSERT INTO Match VALUES (127, 7, 14, 'STD007');
INSERT INTO Match VALUES (128, 8, 15, 'STD008');
INSERT INTO Match VALUES (129, 9, 16, 'STD009');
INSERT INTO Match VALUES (130, 10, 17, 'STD010');

-- MATCHDAY 14
INSERT INTO Match VALUES (131, 11, 18, 'STD011');
INSERT INTO Match VALUES (132, 12, 19, 'STD012');
INSERT INTO Match VALUES (133, 13, 20, 'STD013');
INSERT INTO Match VALUES (134, 14, 1, 'STD014');
INSERT INTO Match VALUES (135, 15, 2, 'STD015');
INSERT INTO Match VALUES (136, 16, 3, 'STD016');
INSERT INTO Match VALUES (137, 17, 4, 'STD017');
INSERT INTO Match VALUES (138, 18, 5, 'STD018');
INSERT INTO Match VALUES (139, 19, 6, 'STD019');
INSERT INTO Match VALUES (140, 20, 7, 'STD020');

-- MATCHDAY 15
INSERT INTO Match VALUES (141, 1, 9, 'STD001');
INSERT INTO Match VALUES (142, 2, 10, 'STD002');
INSERT INTO Match VALUES (143, 3, 11, 'STD003');
INSERT INTO Match VALUES (144, 4, 12, 'STD004');
INSERT INTO Match VALUES (145, 5, 13, 'STD005');
INSERT INTO Match VALUES (146, 6, 14, 'STD006');
INSERT INTO Match VALUES (147, 7, 15, 'STD007');
INSERT INTO Match VALUES (148, 8, 16, 'STD008');
INSERT INTO Match VALUES (149, 9, 17, 'STD009');
INSERT INTO Match VALUES (150, 10, 18, 'STD010');

-- MATCHDAY 16
INSERT INTO Match VALUES (151, 11, 19, 'STD011');
INSERT INTO Match VALUES (152, 12, 20, 'STD012');
INSERT INTO Match VALUES (153, 13, 1, 'STD013');
INSERT INTO Match VALUES (154, 14, 2, 'STD014');
INSERT INTO Match VALUES (155, 15, 3, 'STD015');
INSERT INTO Match VALUES (156, 16, 4, 'STD016');
INSERT INTO Match VALUES (157, 17, 5, 'STD017');
INSERT INTO Match VALUES (158, 18, 6, 'STD018');
INSERT INTO Match VALUES (159, 19, 7, 'STD019');
INSERT INTO Match VALUES (160, 20, 8, 'STD020');

-- MATCHDAY 17
INSERT INTO Match VALUES (161, 1, 10, 'STD001');
INSERT INTO Match VALUES (162, 2, 11, 'STD002');
INSERT INTO Match VALUES (163, 3, 12, 'STD003');
INSERT INTO Match VALUES (164, 4, 13, 'STD004');
INSERT INTO Match VALUES (165, 5, 14, 'STD005');
INSERT INTO Match VALUES (166, 6, 15, 'STD006');
INSERT INTO Match VALUES (167, 7, 16, 'STD007');
INSERT INTO Match VALUES (168, 8, 17, 'STD008');
INSERT INTO Match VALUES (169, 9, 18, 'STD009');
INSERT INTO Match VALUES (170, 10, 19, 'STD010');

-- MATCHDAY 18
INSERT INTO Match VALUES (171, 11, 20, 'STD011');
INSERT INTO Match VALUES (172, 12, 1, 'STD012');
INSERT INTO Match VALUES (173, 13, 2, 'STD013');
INSERT INTO Match VALUES (174, 14, 3, 'STD014');
INSERT INTO Match VALUES (175, 15, 4, 'STD015');
INSERT INTO Match VALUES (176, 16, 5, 'STD016');
INSERT INTO Match VALUES (177, 17, 6, 'STD017');
INSERT INTO Match VALUES (178, 18, 7, 'STD018');
INSERT INTO Match VALUES (179, 19, 8, 'STD019');
INSERT INTO Match VALUES (180, 20, 9, 'STD020');

-- MATCHDAY 19
INSERT INTO Match VALUES (181, 1, 11, 'STD001');
INSERT INTO Match VALUES (182, 2, 12, 'STD002');
INSERT INTO Match VALUES (183, 3, 13, 'STD003');
INSERT INTO Match VALUES (184, 4, 14, 'STD004');
INSERT INTO Match VALUES (185, 5, 15, 'STD005');
INSERT INTO Match VALUES (186, 6, 16, 'STD006');
INSERT INTO Match VALUES (187, 7, 17, 'STD007');
INSERT INTO Match VALUES (188, 8, 18, 'STD008');
INSERT INTO Match VALUES (189, 9, 19, 'STD009');
INSERT INTO Match VALUES (190, 10, 20, 'STD010');

-- MATCHDAY 20
INSERT INTO Match VALUES (191, 12, 2, 'STD012');
INSERT INTO Match VALUES (192, 13, 3, 'STD013');
INSERT INTO Match VALUES (193, 14, 4, 'STD014');
INSERT INTO Match VALUES (194, 15, 5, 'STD015');
INSERT INTO Match VALUES (195, 16, 6, 'STD016');
INSERT INTO Match VALUES (196, 17, 7, 'STD017');
INSERT INTO Match VALUES (197, 18, 8, 'STD018');
INSERT INTO Match VALUES (198, 19, 9, 'STD019');
INSERT INTO Match VALUES (199, 20, 10, 'STD020');
INSERT INTO Match VALUES (200, 11, 1, 'STD011');

-- MATCHDAY 21
INSERT INTO Match VALUES (201, 2, 13, 'STD002');
INSERT INTO Match VALUES (202, 3, 14, 'STD003');
INSERT INTO Match VALUES (203, 4, 15, 'STD004');
INSERT INTO Match VALUES (204, 5, 16, 'STD005');
INSERT INTO Match VALUES (205, 6, 17, 'STD006');
INSERT INTO Match VALUES (206, 7, 18, 'STD007');
INSERT INTO Match VALUES (207, 8, 19, 'STD008');
INSERT INTO Match VALUES (208, 9, 20, 'STD009');
INSERT INTO Match VALUES (209, 10, 1, 'STD010');
INSERT INTO Match VALUES (210, 11, 2, 'STD011');

-- MATCHDAY 22
INSERT INTO Match VALUES (211, 12, 3, 'STD012');
INSERT INTO Match VALUES (212, 13, 4, 'STD013');
INSERT INTO Match VALUES (213, 14, 5, 'STD014');
INSERT INTO Match VALUES (214, 15, 6, 'STD015');
INSERT INTO Match VALUES (215, 16, 7, 'STD016');
INSERT INTO Match VALUES (216, 17, 8, 'STD017');
INSERT INTO Match VALUES (217, 18, 9, 'STD018');
INSERT INTO Match VALUES (218, 19, 10, 'STD019');
INSERT INTO Match VALUES (219, 20, 11, 'STD020');
INSERT INTO Match VALUES (220, 1, 12, 'STD001');

-- MATCHDAY 23
INSERT INTO Match VALUES (221, 3, 15, 'STD003');
INSERT INTO Match VALUES (222, 4, 16, 'STD004');
INSERT INTO Match VALUES (223, 5, 17, 'STD005');
INSERT INTO Match VALUES (224, 6, 18, 'STD006');
INSERT INTO Match VALUES (225, 7, 19, 'STD007');
INSERT INTO Match VALUES (226, 8, 20, 'STD008');
INSERT INTO Match VALUES (227, 9, 1, 'STD009');
INSERT INTO Match VALUES (228, 10, 2, 'STD010');
INSERT INTO Match VALUES (229, 11, 3, 'STD011');
INSERT INTO Match VALUES (230, 12, 4, 'STD012');

-- MATCHDAY 24
INSERT INTO Match VALUES (231, 13, 5, 'STD013');
INSERT INTO Match VALUES (232, 14, 6, 'STD014');
INSERT INTO Match VALUES (233, 15, 7, 'STD015');
INSERT INTO Match VALUES (234, 16, 8, 'STD016');
INSERT INTO Match VALUES (235, 17, 9, 'STD017');
INSERT INTO Match VALUES (236, 18, 10, 'STD018');
INSERT INTO Match VALUES (237, 19, 11, 'STD019');
INSERT INTO Match VALUES (238, 20, 12, 'STD020');
INSERT INTO Match VALUES (239, 1, 13, 'STD001');
INSERT INTO Match VALUES (240, 2, 14, 'STD002');

-- MATCHDAY 25
INSERT INTO Match VALUES (241, 3, 16, 'STD003');
INSERT INTO Match VALUES (242, 4, 17, 'STD004');
INSERT INTO Match VALUES (243, 5, 18, 'STD005');
INSERT INTO Match VALUES (244, 6, 19, 'STD006');
INSERT INTO Match VALUES (245, 7, 20, 'STD007');
INSERT INTO Match VALUES (246, 8, 1, 'STD008');
INSERT INTO Match VALUES (247, 9, 2, 'STD009');
INSERT INTO Match VALUES (248, 10, 3, 'STD010');
INSERT INTO Match VALUES (249, 11, 4, 'STD011');
INSERT INTO Match VALUES (250, 12, 5, 'STD012');

-- MATCHDAY 26
INSERT INTO Match VALUES (251, 13, 6, 'STD013');
INSERT INTO Match VALUES (252, 14, 7, 'STD014');
INSERT INTO Match VALUES (253, 15, 8, 'STD015');
INSERT INTO Match VALUES (254, 16, 9, 'STD016');
INSERT INTO Match VALUES (255, 17, 10, 'STD017');
INSERT INTO Match VALUES (256, 18, 11, 'STD018');
INSERT INTO Match VALUES (257, 19, 12, 'STD019');
INSERT INTO Match VALUES (258, 20, 13, 'STD020');
INSERT INTO Match VALUES (259, 1, 14, 'STD001');
INSERT INTO Match VALUES (260, 2, 15, 'STD002');
-- MATCHDAY 27
INSERT INTO Match VALUES (261, 4, 18, 'STD004');
INSERT INTO Match VALUES (262, 5, 19, 'STD005');
INSERT INTO Match VALUES (263, 6, 20, 'STD006');
INSERT INTO Match VALUES (264, 7, 1, 'STD007');
INSERT INTO Match VALUES (265, 8, 2, 'STD008');
INSERT INTO Match VALUES (266, 9, 3, 'STD009');
INSERT INTO Match VALUES (267, 10, 4, 'STD010');
INSERT INTO Match VALUES (268, 11, 5, 'STD011');
INSERT INTO Match VALUES (269, 12, 6, 'STD012');
INSERT INTO Match VALUES (270, 13, 7, 'STD013');

-- MATCHDAY 28
INSERT INTO Match VALUES (271, 14, 8, 'STD014');
INSERT INTO Match VALUES (272, 15, 9, 'STD015');
INSERT INTO Match VALUES (273, 16, 10, 'STD016');
INSERT INTO Match VALUES (274, 17, 11, 'STD017');
INSERT INTO Match VALUES (275, 18, 12, 'STD018');
INSERT INTO Match VALUES (276, 19, 13, 'STD019');
INSERT INTO Match VALUES (277, 20, 14, 'STD020');
INSERT INTO Match VALUES (278, 1, 15, 'STD001');
INSERT INTO Match VALUES (279, 2, 16, 'STD002');
INSERT INTO Match VALUES (280, 3, 17, 'STD003');

-- MATCHDAY 29
INSERT INTO Match VALUES (281, 5, 20, 'STD005');
INSERT INTO Match VALUES (282, 6, 1, 'STD006');
INSERT INTO Match VALUES (283, 7, 2, 'STD007');
INSERT INTO Match VALUES (284, 8, 3, 'STD008');
INSERT INTO Match VALUES (285, 9, 4, 'STD009');
INSERT INTO Match VALUES (286, 10, 5, 'STD010');
INSERT INTO Match VALUES (287, 11, 6, 'STD011');
INSERT INTO Match VALUES (288, 12, 7, 'STD012');
INSERT INTO Match VALUES (289, 13, 8, 'STD013');
INSERT INTO Match VALUES (290, 14, 9, 'STD014');

-- MATCHDAY 30
INSERT INTO Match VALUES (291, 15, 10, 'STD015');
INSERT INTO Match VALUES (292, 16, 11, 'STD016');
INSERT INTO Match VALUES (293, 17, 12, 'STD017');
INSERT INTO Match VALUES (294, 18, 13, 'STD018');
INSERT INTO Match VALUES (295, 19, 14, 'STD019');
INSERT INTO Match VALUES (296, 20, 15, 'STD020');
INSERT INTO Match VALUES (297, 1, 16, 'STD001');
INSERT INTO Match VALUES (298, 2, 17, 'STD002');
INSERT INTO Match VALUES (299, 3, 18, 'STD003');
INSERT INTO Match VALUES (300, 4, 19, 'STD004');

-- MATCHDAY 31
INSERT INTO Match VALUES (301, 6, 2, 'STD006');
INSERT INTO Match VALUES (302, 7, 3, 'STD007');
INSERT INTO Match VALUES (303, 8, 4, 'STD008');
INSERT INTO Match VALUES (304, 9, 5, 'STD009');
INSERT INTO Match VALUES (305, 10, 6, 'STD010');
INSERT INTO Match VALUES (306, 11, 7, 'STD011');
INSERT INTO Match VALUES (307, 12, 8, 'STD012');
INSERT INTO Match VALUES (308, 13, 9, 'STD013');
INSERT INTO Match VALUES (309, 14, 10, 'STD014');
INSERT INTO Match VALUES (310, 15, 11, 'STD015');

-- MATCHDAY 32
INSERT INTO Match VALUES (311, 16, 12, 'STD016');
INSERT INTO Match VALUES (312, 17, 13, 'STD017');
INSERT INTO Match VALUES (313, 18, 14, 'STD018');
INSERT INTO Match VALUES (314, 19, 15, 'STD019');
INSERT INTO Match VALUES (315, 20, 16, 'STD020');
INSERT INTO Match VALUES (316, 1, 17, 'STD001');
INSERT INTO Match VALUES (317, 2, 18, 'STD002');
INSERT INTO Match VALUES (318, 3, 19, 'STD003');
INSERT INTO Match VALUES (319, 4, 20, 'STD004');
INSERT INTO Match VALUES (320, 5, 1, 'STD005');

-- MATCHDAY 33
INSERT INTO Match VALUES (321, 7, 4, 'STD007');
INSERT INTO Match VALUES (322, 8, 5, 'STD008');
INSERT INTO Match VALUES (323, 9, 6, 'STD009');
INSERT INTO Match VALUES (324, 10, 7, 'STD010');
INSERT INTO Match VALUES (325, 11, 8, 'STD011');
INSERT INTO Match VALUES (326, 12, 9, 'STD012');
INSERT INTO Match VALUES (327, 13, 10, 'STD013');
INSERT INTO Match VALUES (328, 14, 11, 'STD014');
INSERT INTO Match VALUES (329, 15, 12, 'STD015');
INSERT INTO Match VALUES (330, 16, 13, 'STD016');

-- MATCHDAY 34
INSERT INTO Match VALUES (331, 17, 14, 'STD017');
INSERT INTO Match VALUES (332, 18, 15, 'STD018');
INSERT INTO Match VALUES (333, 19, 16, 'STD019');
INSERT INTO Match VALUES (334, 20, 17, 'STD020');
INSERT INTO Match VALUES (335, 1, 18, 'STD001');
INSERT INTO Match VALUES (336, 2, 19, 'STD002');
INSERT INTO Match VALUES (337, 3, 20, 'STD003');
INSERT INTO Match VALUES (338, 4, 1, 'STD004');
INSERT INTO Match VALUES (339, 5, 2, 'STD005');
INSERT INTO Match VALUES (340, 6, 3, 'STD006');

-- MATCHDAY 35
INSERT INTO Match VALUES (341, 8, 6, 'STD008');
INSERT INTO Match VALUES (342, 9, 7, 'STD009');
INSERT INTO Match VALUES (343, 10, 8, 'STD010');
INSERT INTO Match VALUES (344, 11, 9, 'STD011');
INSERT INTO Match VALUES (345, 12, 10, 'STD012');
INSERT INTO Match VALUES (346, 13, 11, 'STD013');
INSERT INTO Match VALUES (347, 14, 12, 'STD014');
INSERT INTO Match VALUES (348, 15, 13, 'STD015');
INSERT INTO Match VALUES (349, 16, 14, 'STD016');
INSERT INTO Match VALUES (350, 17, 15, 'STD017');

-- MATCHDAY 36
INSERT INTO Match VALUES (351, 18, 16, 'STD018');
INSERT INTO Match VALUES (352, 19, 17, 'STD019');
INSERT INTO Match VALUES (353, 20, 18, 'STD020');
INSERT INTO Match VALUES (354, 1, 19, 'STD001');
INSERT INTO Match VALUES (355, 2, 20, 'STD002');
INSERT INTO Match VALUES (356, 3, 1, 'STD003');
INSERT INTO Match VALUES (357, 4, 2, 'STD004');
INSERT INTO Match VALUES (358, 5, 3, 'STD005');
INSERT INTO Match VALUES (359, 6, 4, 'STD006');
INSERT INTO Match VALUES (360, 7, 5, 'STD007');

-- MATCHDAY 37
INSERT INTO Match VALUES (361, 9, 8, 'STD009');
INSERT INTO Match VALUES (362, 10, 9, 'STD010');
INSERT INTO Match VALUES (363, 11, 10, 'STD011');
INSERT INTO Match VALUES (364, 12, 11, 'STD012');
INSERT INTO Match VALUES (365, 13, 12, 'STD013');
INSERT INTO Match VALUES (366, 14, 13, 'STD014');
INSERT INTO Match VALUES (367, 15, 14, 'STD015');
INSERT INTO Match VALUES (368, 16, 15, 'STD016');
INSERT INTO Match VALUES (369, 17, 16, 'STD017');
INSERT INTO Match VALUES (370, 18, 17, 'STD018');

-- MATCHDAY 38
INSERT INTO Match VALUES (371, 19, 18, 'STD019');
INSERT INTO Match VALUES (372, 20, 19, 'STD020');
INSERT INTO Match VALUES (373, 1, 20, 'STD001');
INSERT INTO Match VALUES (374, 2, 1, 'STD002');
INSERT INTO Match VALUES (375, 3, 2, 'STD003');
INSERT INTO Match VALUES (376, 4, 3, 'STD004');
INSERT INTO Match VALUES (377, 5, 4, 'STD005');
INSERT INTO Match VALUES (378, 6, 5, 'STD006');
INSERT INTO Match VALUES (379, 7, 6, 'STD007');
INSERT INTO Match VALUES (380, 8, 7, 'STD008');


-- Standings Insertions

INSERT INTO Standings VALUES (1,  0, 0, 0, 0, 0);   -- Manchester City
INSERT INTO Standings VALUES (2,  0, 0, 0, 0, 0);   -- Arsenal
INSERT INTO Standings VALUES (3,  0, 0, 0, 0, 0);   -- Liverpool
INSERT INTO Standings VALUES (4,  0, 0, 0, 0, 0);   -- Aston Villa
INSERT INTO Standings VALUES (5,  0, 0, 0, 0, 0);   -- Tottenham Hotspur
INSERT INTO Standings VALUES (6,  0, 0, 0, 0, 0);   -- Chelsea
INSERT INTO Standings VALUES (7,  0, 0, 0, 0, 0);   -- Newcastle United
INSERT INTO Standings VALUES (8,  0, 0, 0, 0, 0);   -- Manchester United
INSERT INTO Standings VALUES (9,  0, 0, 0, 0, 0);   -- West Ham United
INSERT INTO Standings VALUES (10, 0, 0, 0, 0, 0);  -- Crystal Palace
INSERT INTO Standings VALUES (11, 0, 0, 0, 0, 0);  -- Brighton
INSERT INTO Standings VALUES (12, 0, 0, 0, 0, 0);  -- AFC Bournemouth
INSERT INTO Standings VALUES (13, 0, 0, 0, 0, 0);  -- Fulham
INSERT INTO Standings VALUES (14, 0, 0, 0, 0, 0);  -- Wolverhampton Wanderers
INSERT INTO Standings VALUES (15, 0, 0, 0, 0, 0);  -- Everton
INSERT INTO Standings VALUES (16, 0, 0, 0, 0, 0);  -- Brentford
INSERT INTO Standings VALUES (17, 0, 0, 0, 0, 0);  -- Nottingham Forest
INSERT INTO Standings VALUES (18, 0, 0, 0, 0, 0);  -- Luton Town
INSERT INTO Standings VALUES (19, 0, 0, 0, 0, 0);  -- Burnley
INSERT INTO Standings VALUES (20, 0, 0, 0, 0, 0);  -- Sheffield United

